"[은행, BNK금융지주, KB금융, 신한지주, 우리금융지주, 하나금융지주, 기업은행, DGB금융지주, JB금융지주, 제주은행, 
, 반도체와반도체장비, 아이원스, 하이셈, 원익QnC, 한미반도체, 코세스, 유니테스트, 에스앤에스텍, 유진테크, 하나머티리얼즈, 와이아이케이, 피에스케이, 테스, SKC 솔믹스, 에프에스티, 윈팩, 마이크로프랜드, 원익홀딩스, ISC, 테크윙, SK하이닉스, 하나마이크론, 마이크로컨텍솔, 유니셈, 디엔에프, 코미코, 아진엑스텍, 피에스케이홀딩스, 미래산업, 에스모 머티리얼즈, 월덱스, 덕산하이메탈, 주성엔지니어링, 제우스, 티씨케이, 케이씨텍, 네패스, 싸이맥스, 원익IPS, 다믈멀티미디어, 기가레인, 삼성전자우, 테라셈, DB하이텍, 성도이엔지, 삼성전자, 유니트론텍, GST, 칩스앤미디어, 오션브릿지, 메카로, 씨앤지하이테크, 인텍플러스, 에이티세미콘, KMH하이텍, 서플러스글로벌, WI, 큐에스아이, 엘오티베큠, 테스나, 한국전자홀딩스, 엑시콘, 엔시트론, KEC, 예스티, 텔레칩스, 어보브반도체, 시그네틱스, 케이엠, 엠케이전자, 프로텍, 오킨스전자, 솔브레인, 디아이, 케이씨, 오디텍, 미코, 앤씨앤, 이오테크닉스, 제이티, 에스티아이, 에이피티씨, 네오셈, 리노공업, 피델릭스, 아이에이네트웍스, 시스웍, 지니틱스, 제너셈, 바른전자, 한양디지텍, 제주반도체, 해성디에스, 에이디테크놀로지, 러셀, 타이거일렉, 유니퀘스트, 코디엠, 픽셀플러스, 피에스엠씨, SFA반도체, 성우테크론, 램테크놀러지, 엘비세미콘, DB하이텍1우, 젬백스, 아이텍, 뉴파워프라즈마, 엑사이엔씨, 마이크로텍, 알파홀딩스, 티에스이, 
, 생명보험, 한화생명, 동양생명, 오렌지라이프, 미래에셋생명, 삼성생명, 
, 증권, 코리아에셋투자증권, 상상인증권, 한국금융지주우, 키움증권, 유진투자증권, 미래에셋대우, 현대차증권, DB금융투자, 메리츠종금증권, SK증권, KTB투자증권, 한국금융지주, 한화투자증권, 대신증권, 삼성증권, NH투자증권, 유안타증권, 교보증권, 유안타증권우, 미래에셋대우2우B, NH투자증권우, 한화투자증권우, 부국증권, 미래에셋대우우, 대신증권우, 대신증권2우B, 이베스트투자증권, 유화증권우, 한양증권, SK증권우, 부국증권우, 신영증권, 유화증권, 신영증권우, 한양증권우, 
, 철강, 대창스틸, 부국철강, 한국주철관, 한국특수형강, POSCO, 제일제강, 현대제철, 경남스틸, 세아제강지주, 하이스틸, 한국철강, 대호피앤씨우, DSR제강, 동국제강, 동양철관, 포스코엠텍, 세아제강, 고려제강, 대한제강, 대호피앤씨, 휴스틸, 유에스티, 글로스퍼랩스, 세아홀딩스, NI스틸, 동일제강, 한일철강, 원일특강, 조선선재, 문배철강, 동국산업, 동부제철, 동일산업, 삼현철강, 만호제강, 동양에스텍, 세아특수강, 신화실업, 금강철강, 광진실업, TCC스틸, 대동스틸, KISCO홀딩스, 동일철강, 한국선재, 동부제철우, 영흥철강, CS홀딩스, 세아베스틸, 
, 건축자재, 이엑스티, 쌍용양회, KCC, 넥스트사이언스, 한솔홈데코, 라이온켐텍, 아세아시멘트, 한일현대시멘트, 동양, 이건산업, 동양3우B, 유진기업, 강남제비스코, 유니온, 보광산업, 센트럴바이오, 벽산, 모헨즈, 삼표시멘트, 쌍용양회우, 홈센타홀딩스, 동양2우B, 고려시멘트, 한일시멘트, 동화기업, 삼화페인트, 부산산업, 동양파일, 조광페인트, 노루페인트, 에스와이, 대림씨엔에스, 동양우, 노루홀딩스우, LG하우시스, 노루홀딩스, 성신양회, SG, LG하우시스우, 노루페인트우, 일신석재, 성신양회우, 서산, 한일홀딩스, 
, 종이와목재, 컨버즈, 버추얼텍, 페이퍼코리아, 한솔제지, 선창산업, 깨끗한나라, 무림페이퍼, 국일제지, 한솔홀딩스, 성창기업지주, 한국제지, 무림P&P, 영풍제지, 무림SP, 깨끗한나라우, 
, 가구, 한샘, 지누스, 현대리바트, 듀오백, 시디즈, 에이스침대, 에넥스, 퍼시스, 코아스, 
, 전문소매, 롯데하이마트, 씨유메디칼, 한솔PNS, 포스링크, 도이치모터스, 메디프론, 
, 기타금융, CNH, 아주캐피탈, 한국캐피탈, 메이슨캐피탈, 우리종금, 푸른저축은행, 리드코프, 
, 가정용품, 보령메디앙스, 애경산업, 케이엠제약, 태양, 모나리자, 삼정펄프, 바이오제네틱스, 
, 생명과학도구및서비스, 로고스바이오, 노터스, 랩지노믹스, EDGC, 엔케이맥스, 일신바이오, 인트론바이오, 피씨엘, 우정바이오, 휴마시스, 크리스탈, 레고켐바이오, 씨젠, 디엔에이링크, 나노엔텍, 영인프런티어, 엑세스바이오, 바이오톡스텍, 파나진, 마크로젠, 바디텍메드, 캔서롭, 켐온, 대한과학, 서흥, 
, 호텔,레스토랑,레저, JTC, 이월드, 글로벌텍스프리, 강원랜드, 호텔신라, GKL, 롯데관광개발, 파라다이스, 신세계푸드, 참좋은여행, 하나투어, 모두투어, 세중, 호텔신라우, 노랑풍선, 용평리조트, MP그룹, 아난티, 디딤, 남화산업, 
, 통신장비, 웨이브일렉트로, 인텔리안테크, 에치에프알, 아이앤씨, 서진시스템, 삼영이엔씨, 코맥스, 에이스테크, 에프알텍, 아이즈비전, 머큐리, RFHIC, 인성정보, 알엔투테크놀로지, 우리넷, 이노인스트루먼트, 코위버, 전파기지국, 현대통신, 케이엠더블유, 에스넷, 쏠리드, 유비쿼스, 삼지전자, 다산네트웍스, 이노와이어리스, 텔콘RF제약, 빛샘전자, 아이크래프트, 코콤, 파이오링크, 기산텔레콤, 우리로, 라닉스, 라이트론, 감마누, 모다, 유비쿼스홀딩스, 폴루스바이오팜, 바른테크놀로지, 옵티시스, 오이솔루션, 하이트론, 유비벨록스, 텔레필드, CS, 뉴지랩, 스카이문스테크놀로지, 
, 디스플레이장비및부품, 금호전기, 넥스트아이, 세미콘라이트, 영우디에스피, 디이엔티, 유아이디, 케이엔제이, 덕산테코피아, 매직마이크로, 비아트론, 로체시스템즈, 파인디앤씨, 제이스텍, 삼진엘앤디, 인베니아, 루멘스, 아나패스, SK머티리얼즈, 한송네오텍, 야스, 이엘피, 실리콘웍스, 와이엠씨, 서울반도체, 코이즈, 선익시스템, 힘스, 미래나노텍, 디에스케이, 루미마이크로, 에스엔유, 덕산네오룩스, 제이엠티, 케이맥, 포인트엔지니어링, 동아엘텍, 토비스, 씨티젠, 참엔지니어링, 에스엔텍비엠, 휘닉스소재, 위지트, 엘디티, 아이컴포넌트, AP시스템, 한국컴퓨터, DMS, 쎄미시스코, 티로보틱스, 우리조명, 브이원텍, 우리이앤엘, 세진티에스, 지스마트글로벌, APS홀딩스, 디바이스이엔지, 톱텍, 신화인터텍, 제이엠아이, HB테크놀러지, GV, 티엘아이, 유양디앤유, 천보, 리드, 파인넥스, GRT, 우리바이오, 디아이티, 오성첨단소재, 새로닉스, 엘엠에스, 아바코, 미래컴퍼니, 상보, 인지디스플레, 아바텍, 엘아이에스, 탑엔지니어링, 엘티씨, 필옵틱스, 케이피에스, 파인텍, 베셀, 예선테크, 한솔테크닉스, 에프엔에스테크, 에이아이비트, 아이씨디, 연이정보통신, 
, 방송과엔터테인먼트, 이에스에이, SM Life Design, YTN, NHN벅스, 제이콘텐트리, 와이지엔터테인먼트, 삼화네트웍스, 큐로홀딩스, 화이브라더스코리아, 스튜디오드래곤, 에이스토리, 갤럭시아에스엠, JYP Ent., 위지윅스튜디오, 대원미디어, 아이오케이, 쇼박스, 바른손, YG PLUS, CJ헬로, CJ ENM, 덱스터, KNN, 팬엔터테인먼트, 판타지오, 에스엠, SBS미디어홀딩스, 에프엔씨엔터, 큐브엔터, CJ CGV, KMH, 이스타코, 제이웨이, 키이스트, 한국경제TV, 이매진아시아, 레드로버, 씨씨에스, 키위미디어그룹, IHQ, SBS콘텐츠허브, 현대에이치씨엔, 소리바다, 티비씨, iMBC, 초록뱀, NEW, 스카이라이프, 지니뮤직, 세기상사, SBS, 
, 화학, 에스폴리텍, 한솔씨앤피, 효성화학, 이수화학, 와이엠티, 원익머트리얼즈, 우노앤컴퍼니, KG케미칼, AK홀딩스, 포스코케미칼, 한화케미칼, 금호석유, 이엔에프테크놀로지, 한화, 코오롱플라스틱, 롯데케미칼, 금양, 롯데정밀화학, 웹스, 백광산업, 태광산업, 나노캠텍, OCI, 원익큐브, 한솔케미칼, SKC, LG화학우, 나노, 대정화금, 미원상사, 에코프로, 송원산업, 한국알콜, 대유, 영보화학, 코오롱, 켐트로스, 미래SCI, 코스모신소재, 전진바이오팜, 대한유화, 와이오엠, 경인양행, 크리스탈신소재, 효성오앤비, 동방아그로, SK케미칼우, SH에너지화학, 쎄노텍, 한국석유, 테이팩스, 그린케미칼, 한화케미칼우, LG화학, 태경화학, 오공, 한화우, 한국바이오젠, 엔피케이, NPC, 삼영화학, 코오롱우, 효성첨단소재, 성보화학, 원풍, 진양홀딩스, 한화3우B, 알이피, 카프로, 코오롱인더우, 동성코퍼레이션, HRS, KPX홀딩스, SK케미칼, 남해화학, 한농화성, 이화산업, 조비, NPC우, 동성화학, 파미셀, KCI, 바이오빌, 후성, 티케이케미칼, 미원홀딩스, 코오롱인더, 애경유화, 진양폴리, 삼영무역, 국도화학, 유니드, 대한화섬, WISCOM, 진양산업, 미원화학, 미원에스씨, SKC코오롱PI, 동남합성, 진양화학, 코스모화학, 케이디켐, 경농, 휴켐스, KPX케미칼, 나노신소재, 한일화학, 휴비스, 금호석유우, 켐트로닉스, 스타플렉스, 
, 독립전력생산및에너지거래, 에코바이오, 
, 포장재, 엔케이물산, 세하, 삼륭물산, 펌텍코리아, 대양제지, 디케이디앤아이, 연우, 대림제지, 동원시스템즈, 한국팩키지, 대륙제관, 대영포장, 원림, 수출포장, 율촌화학, 락앤락, 승일, 신대양제지, 삼양패키징, 삼보판지, 아세아제지, 신풍제지, 삼광글라스, 태림포장, 한창제지, 동원시스템즈우, 삼화왕관, 금비, 아세아, 
, 해운사, 현대상선, 팬오션, 대한해운, KSS해운, 흥아해운, 태웅로직스, 와이엔텍, 
, 건설, 남화토건, 두산건설, 금호산업우, 금호산업, 우원개발, 한양이엔지, 대림산업우, 동부건설, HDC, 삼호, 계룡건설, 이테크건설, 특수건설, 웰크론, 삼성엔지니어링, 동아지질, 일성건설, 에쓰씨엔지니어링, 까뮤이앤씨, GS건설, 한라, 서희건설, HDC아이콘트롤스, 대림산업, 진흥기업, 희림, 삼호개발, 상지카일룸, 한신공영, HDC현대산업개발, 진흥기업우B, 신세계건설, 고려개발, 현대건설, 삼일기업공사, 우진아이엔에스, KCC건설, 아이에스동서, 남광토건, KT서브마린, 세보엠이씨, 한국종합기술, 신원종합개발, 국보디자인, 코오롱글로벌우, 일진파워, 태영건설우, 삼부토건, 동원개발, 신한, 서한, KD, 금화피에스시, 동신건설, 이화공영, 코오롱글로벌, 현대건설우, 대원, 태영건설, 대우건설, 도화엔지니어링, 범양건영, 유신, 진흥기업2우B, 화성산업, 한미글로벌, 자이에스앤디, 코리아에스이, 동부건설우, 
, IT서비스, 갤럭시아컴즈, 상상인, 오픈베이스, 오파스넷, 한솔인티큐브, 미래아이앤지, 아시아나IDT, 데이타솔루션, 소프트센, 카페24, 유엔젤, 한국전자인증, 한국정보인증, 한국전자금융, 동양네트웍스, 율호, 다우기술, 브리지텍, 링네트, 티라유텍, KG이니시스, 이루온, 브레인콘텐츠, 인포뱅크, 나무기술, 삼성에스디에스, NHN한국사이버결제, 세틀뱅크, 대신정보통신, 에스트래픽, 이씨에스, 대아티아이, 버킷스튜디오, 한컴지엠디, 한네트, 케이씨에스, 케이엘넷, 다날, 한일네트웍스, 한국코퍼레이션, 롯데정보통신, DB, 정원엔시스, 수산아이앤티, 로지시스, 인포바인, 케이아이엔엑스, 현대오토에버, 포스코 ICT, 민앤지, SBI핀테크솔루션즈, 팍스넷, KG모빌리언스, 큐로컴, 미래테크놀로지, 쌍용정보통신, 가비아, 신세계 I&C, 콤텍시스템, 아이티센, 데일리블록체인, 엔텔스, 소프트센우, 
, 식품, 한국맥널티, 대한제당, 푸드나무, 대주산업, 서울식품, 오리온, 고려산업, 롯데지주, 대한제당3우B, 대한제당우, 사조산업, 오리온홀딩스, 인산가, SPC삼립, 동원수산, 하림지주, 윙입푸드, 우리손에프앤지, 사조씨푸드, 남양유업우, 우성사료, 선진, CJ씨푸드, CJ제일제당 우, 대상, 체리부로, 엠에스씨, 이지바이오, 대상홀딩스우, 오뚜기, 매일유업, 한일사료, 미래생명자원, 마니커, 삼양사, 사조대림, 농심, 동서, CJ제일제당, 빙그레, 푸드웰, 크라운제과우, 사조오양, 팜스코, 해태제과식품, 매일홀딩스, 동원F&B, 대상우, 하림, 해마로푸드서비스, 동우팜투테이블, 케이씨피드, 삼양사우, 롯데푸드, 팜스토리, 사조동아원, 조흥, 마니커에프앤지, 대상홀딩스, 크라운해태홀딩스우, 크라운해태홀딩스, 삼양홀딩스우, 서울식품우, 신라교역, CJ씨푸드1우, 한성기업, 롯데지주우, 정다운, 한탑, 풀무원, 샘표, 현대사료, 크라운제과, 신라에스지, 대한제분, 보락, 동원산업, 남양유업, 삼양홀딩스, 삼양식품, 롯데제과, 우양, 샘표식품, 농심홀딩스, 
, 부동산, 한국자산신탁, 신라섬유, 해성산업, 한국토지신탁, SK디앤디, 
, 무역회사와판매업체, EG, LG상사, 현대상사, GS글로벌, 포스코인터내셔널, 혜인, STX, 
, 카드, 삼성카드, 
, 전자장비와기기, 두산솔루스2우B, 피씨디렉트, 심텍, 슈프리마, ITX엠투엠, 아이씨케이, 심텍홀딩스, 두산솔루스1우, 에스텍, 남성, 파크시스템스, 고영, 삼성전기우, 대동전자, 에이엔피, 코나아이, 동진쎄미켐, 신성델타테크, 삼성전기, 우리기술, 에스디시스템, 아이엠, 매커스, 슈프리마아이디, 일진머티리얼즈, 에스에이엠티, 세코닉스, 인콘, 아이디스홀딩스, 다원시스, 슈프리마에이치큐, 디티앤씨, 이녹스첨단소재, 바이오스마트, 이수페타시스, 대덕전자, 상신전자, 에스티큐브, 코텍, 현우산업, 이트론, 모비스, 알에스오토메이션, 카스, 광전자, 자화전자, 삼화전자, S&K폴리텍, 디에이피, 아이디스, 뉴프렉스, 아모그린텍, 삼양옵틱스, 동일기연, 씨엔플러스, 에이앤티앤, 유니온커뮤니티, 대덕전자1우, 써니전자, 백금T&A, 액트, 비덴트, 대주전자재료, 한국정보공학, 제이씨현시스템, 옴니시스템, 코리아써키트2우B, 에이치시티, 코리아써우, 케이피엠테크, 이그잭스, 모아텍, LG이노텍, 인터엠, 라온피플, 두산솔루스, 비에이치, 코너스톤네트웍스, 코리아써키트, 인터플렉스, 아이티엠반도체, 옵트론텍, 
, 가스유틸리티, 한국가스공사, 경동도시가스, 서울가스, 삼천리, 지에스이, 대성홀딩스, 대성에너지, 인천도시가스, 부산가스, E1, SK가스, 예스코홀딩스, 
, 비철금속, 제낙스, 태경산업, 대양금속, 티플랙스, 파버나인, 알루코, 디씨엠, 대창, 쎄니트, 황금에스티, 고려아연, 백광소재, 풍산, 일진다이아, 그린플러스, 동국알앤에스, 조일알미늄, 피제이메탈, 한국내화, 포스코강판, DSR, 현대비앤지스틸, 서원, 이구산업, 조선내화, 국일신동, 한창산업, 코센, 현대비앤지스틸우, 풍산홀딩스, 삼아알미늄, 제일연마, 대호에이엘, 유니온머티리얼, 
, 백화점과일반상점, 롯데쇼핑, BGF, BGF리테일, GS리테일, 이마트, 베뉴지, 한화갤러리아타임월드, 세이브존I&C, 현대백화점, 대구백화점, 신세계, 광주신세계, 
, 항공화물운송과물류, 유수홀딩스, 동방, 한익스프레스, 카리스국보, 세방, W홀딩컴퍼니, 한솔로지스틱스, 현대글로비스, 인터지스, KCTC, 세방우, 한진, CJ대한통운, 삼일, 
, 제약, 에스텍파마, 신일제약, 삼진제약, 바이넥스, 코스맥스비티아이, 삼천당제약, 티움바이오, 알리코제약, 우진비앤지, 대봉엘에스, 씨트리, 대웅, 에이치엘사이언스, 팜스빌, 제일바이오, CMG제약, 압타바이오, 한미사이언스, 에이프로젠제약, 휴온스글로벌, 한국유니온제약, 비씨월드제약, 엔지켐생명과학, 아미노로직스, 이연제약, 진바이오텍, 대화제약, 코스맥스엔비티, 삼성바이오로직스, 대한뉴팜, 동아쏘시오홀딩스, 디에이치피코리아, 에스티팜, 동구바이오제약, 서울제약, 경동제약, 파마리서치프로덕트, 국제약품, 셀트리온제약, 일양약품, 안트로젠, 대웅제약, 중앙백신, 코미팜, 한미약품, 노바렉스, 영진약품, 유유제약, 이수앱지스, 일동홀딩스, 진양제약, 비피도, 녹십자, 동화약품, 신신제약, 경보제약, 부광약품, 씨티씨바이오, 동성제약, 셀트리온헬스케어, 일동제약, 셀트리온, 유유제약1우, 한올바이오파마, 씨케이에이치, 유유제약2우B, 유나이티드제약, KPX생명과학, 테라젠이텍스, 조아제약, 코오롱생명과학, 우리들제약, 유한양행우, 하이텍팜, 녹십자웰빙, 현대약품, 일성신약, 삼아제약, 삼성제약, 녹십자홀딩스, 하나제약, 지트리비앤티, JW중외제약2우B, 삼일제약, 안국약품, 한독, 제일파마홀딩스, 환인제약, 신풍제약, 대성미생물, 동아에스티, 지엘팜텍, 종근당, 광동제약, 이글벳, JW중외제약우, 유한양행, 내츄럴엔도텍, 메지온, 녹십자홀딩스2우, 일양약품우, 신풍제약우, 넥스트BT, 현성바이탈, 휴메딕스, JW신약, 화일약품, 큐브앤컴퍼니, 휴온스, 고려제약, 옵티팜, 대원제약, 대한약품, JW홀딩스, 뉴트리, 종근당바이오, JW중외제약, 명문제약, JW생명과학, 동국제약, 바이온, 경남제약, 보령제약, 제일약품, 퓨쳐켐, 종근당홀딩스, 에이프로젠 H&G, 
, 기타, 노드메이슨, 엠앤씨생명과학, 이도바이오, 에스엠비나, 크로넥스, 메디쎄이, 럭스피아, 데이터스트림즈, 앤유엔터테인먼트, 프로테옴텍, 틸론, 다이오진, 에스케이씨에스, 비플라이소프트, 미애부, 셀젠텍, 다이노나, TS트릴리온, 판도라티비, 나라소프트, TIGER 일본엔선물인버스2X, TIGER 유로스탁스레버리지(합성 H), TIGER 이머징마켓MSCI레버리지(합성 H), TIGER 200IT레버리지, 이리츠코크렙, KODEX China H 레버리지(H), TIGER 200선물레버리지, 삼성 레버리지 China A50 선물 ETN(H), TRUE 레버리지 유로스탁스50 ETN(H), 케이비제11호스팩, 티에스아이, KBSTAR 200선물레버리지, ARIRANG 200선물레버리지, KODEX 레버리지, KODEX 200ESG, HANARO 200선물레버리지, KOSEF 200선물레버리지, KBSTAR 대형고배당10TR, 신한 레버리지 천연가스 선물 ETN(H), 테크트랜스, KBSTAR 일본TOPIX레버리지(H), 씨알푸드, KINDEX 일본TOPIX레버리지(H), TIGER 레버리지, KINDEX 레버리지, 바이오시네틱스, QV Big Vol ETN, TRUE 레버리지 HSCEI ETN(H), KODEX Top5PlusTR, TIGER KRX300레버리지, 대신 2X 아연선물 ETN(H), 티케이씨, KODEX 반도체, KODEX 은행, KBSTAR 미국장기국채선물인버스2X(합성 H), 큐엠씨, 파워풀엑스, TIGER 은행, KODEX 증권, TIGER 200 금융, 신한 옥수수 선물 ETN(H), 네추럴FNP, TIGER 증권, 한화에스비아이스팩, KBSTAR 200금융, 삼성 증권 테마주 ETN, KOSEF 미국달러선물인버스2X, TIGER 반도체, ARIRANG KRX300금융, 대신 2X 니켈선물 ETN(H), 신한 인버스 2X 미국달러 선물 ETN, 에프앤가이드, KINDEX 중국본토CSI300레버리지(합성), 에스알바이오텍, TIGER MSCI KOREA ESG리더스, TIGER TOP10, KBSTAR KRX300레버리지, 삼성 레버리지 천연가스 선물 ETN, KODEX 미국달러선물인버스2X, TIGER 차이나CSI300레버리지(합성), 마이티 200커버드콜ATM레버리지, 이엔드디, 엔솔바이오사이언스, KODEX KRX300레버리지, 신한알파리츠, KODEX 3대농산물선물(H), TIGER 농산물선물Enhanced(H), 미래에셋 레버리지 S&P500 ETN(H), TIGER 미국달러선물인버스2X, 신한 콩 선물 ETN(H), KODEX MSCI Korea, 미래에셋 레버리지 원유선물혼합 ETN(H), KBSTAR 미국S&P원유생산기업(합성 H), TIGER 미국S&P500레버리지(합성 H), KODEX IT, ARIRANG KRX300IT, KODEX MSCI KOREA ESG유니버설, KODEX MSCI밸류, TRUE 인버스 엔선물 ETN B, TIGER 글로벌자원생산기업(합성 H), 신영스팩4호, 신한 레버리지 다우존스지수 선물 ETN(H), KBSTAR 팔라듐선물(H), KB KTOP30 ETN, TIGER 화장품, TIGER 200 IT, 유니포인트, 신한 레버리지 WTI원유 선물 ETN(H), TRUE 레버리지 S&P500 선물 ETN(H), HANARO KRX300, ARIRANG KS밸류가중TR, KBSTAR KRX300, QV 하드웨어 TOP5 ETN, KINDEX 일본Nikkei225(H), KBSTAR 200IT, KODEX MSCI퀄리티, KODEX 콩선물(H), KODEX 코스피100, KOSEF 코스닥150선물레버리지, ARIRANG 코스피50, 대신 철광석 선물 ETN(H), TIGER 대형가치, KINDEX 밸류대형, KODEX 코스닥150 레버리지, KBSTAR 고배당, KINDEX 스마트하이베타, KODEX MSCI Korea TR, KOSEF 코스피100, HANARO MSCI Korea TR, TIGER 코스닥150 레버리지, QV 레버리지 WTI원유 선물 ETN(H), TIGER MSCI Korea TR, KODEX Fn성장, 신한 천연가스 선물 ETN(H), KINDEX 스마트밸류, KINDEX 스마트로우볼, KODEX 삼성그룹, 흥국 S&P코리아로우볼, TIGER 코스피대형주, SMART 200TR, KODEX 건설, TIGER 대형성장, ARIRANG KS로우볼가중TR, ARIRANG KRX300, HANARO 고배당, KODEX 200가치저변동, KBSTAR 코스닥150선물레버리지, KINDEX 200TR, KOSEF 200 선물, KODEX MSCI EM선물(H), KBSTAR 차이나HSCEI(H), TIGER 200커버드콜5%OTM, TIGER 200TR, TREX 펀더멘탈 200, 에이원알폼, KODEX MSCI모멘텀, TIGER 코스피, KOSEF 200TR, KODEX 미국채울트라30년선물인버스(H), KODEX 배당가치, KODEX 코스피대형주, HANARO 200TR, KODEX 미국FANG플러스(H), SMART KRX300, KODEX 한국대만IT프리미어, KODEX 200, TREX 200, ARIRANG 200, ARIRANG 코스피, KINDEX 200, ARIRANG 스마트베타 Value, ARIRANG ESG우수기업, KINDEX 코스피, KOSEF 200, KBSTAR 200, HANARO 200, TIGER MSCI KOREA ESG유니버설, KINDEX 삼성그룹동일가중, TRUE 코스피 커버드콜 ETN B, QV 내수소비 TOP5 ETN, KOSEF KRX100, KODEX 200TR, DB금융스팩6호, 티티씨디펜스, 미코바이오메드, FOCUS KRX300, KINDEX 스마트퀄리티, 삼성 레버리지 구리 선물 ETN(H), 파워 200, KBSTAR 중국MSCI China선물(H), ARIRANG KS퀄리티가중TR, 신한 FnGuide 5G 테마주 ETN, TIGER 200, KINDEX 삼성그룹섹터가중, 파워 코스피100, 파워 스마트밸류, TIGER 유로스탁스50(합성 H), KBSTAR 모멘텀밸류, KBSTAR IT플러스, ARIRANG 심천차이넥스트(합성), ARIRANG 200동일가중, TIGER 삼성그룹펀더멘털, KODEX 삼성그룹밸류, TIGER 일본TOPIX(합성 H), KBSTAR ESG사회책임투자, KTOP 코스피50, ARIRANG 코스피TR, ARIRANG KS로우사이즈가중TR, KBSTAR 5대그룹주, TIGER 지속배당, TIGER 200커버드콜ATM, KINDEX 스마트모멘텀, KODEX KRX300, KBSTAR 코스피, 삼성 모멘텀 탑픽 ETN, TIGER 가격조정, KODEX 철강, ARIRANG 신흥국MSCI(합성 H), ARIRANG KS모멘텀가중TR, 미래에셋 전기전자 Core5 ETN, TIGER 200 철강소재, KODEX 코스피, HANARO 코스닥150선물레버리지, QV 바이오 TOP5 ETN, KODEX 보험, KBSTAR 미국장기국채선물인버스(H), QV 레버리지 S&P500 ETN, 지놈앤컴퍼니, TIGER 200 건설, 대신 니켈선물 ETN(H), KOSEF 미국달러선물인버스, TIGER 차이나CSI300, KODEX KTOP30, TIGER K게임, 삼성 China A50 선물 ETN(H), QV KTOP30 ETN, 삼성 KTOP30 ETN, KOSEF 고배당, TIGER KTOP30, TIGER KRX300, KBSTAR 모멘텀로우볼, 하이제4호스팩, KODEX 200exTOP, KODEX 운송, TIGER 우선주, KODEX FnKorea50, KBSTAR 우량업종, KODEX 중국본토 A50, KODEX 200동일가중, KBSTAR 지주회사, NH프라임리츠, KODEX 미국달러선물인버스, TIGER 글로벌4차산업혁신기술(합성 H), KODEX 미국나스닥100선물(H), 신한 다우존스지수 선물 ETN(H), QV 미국 IT TOP5 ETN(H), KBSTAR 주식혼합, SMART 선진국MSCI World(합성 H), TIGER 미디어컨텐츠, TIGER 지주회사, TIGER 모멘텀, 아퓨어스, ARIRANG 스마트베타 Momentum, KBSTAR KQ고배당, ARIRANG 미국S&P500(H), KODEX 최소변동성, FOCUS ESG리더스, KBSTAR 200건설, KODEX Fn멀티팩터, ARIRANG 스마트베타 Quality, 미래에셋 일본 중형주 ETN(H), 신한 WTI원유 선물 ETN(H), TRUE 레버리지 나스닥 100 ETN, ARIRANG 코스피중형주, KBSTAR V&S셀렉트밸류, TIGER 200동일가중, 대신 아연선물 ETN(H), 삼성 화장품 테마주 ETN, 미래에셋 미국 중형주 ETN(H), TIGER 미국S&P500선물(H), 미래에셋 미국 고배당주 ETN(H), TIGER 중국소비테마, KODEX 미국S&P500선물(H), 삼성 인버스 2X 금 선물 ETN(H), KBSTAR 중국본토대형주CSI100, KODEX 구리선물(H), KINDEX S&P아시아TOP50, KODEX 2차전지산업, 미래에셋 미국 대형주 ETN(H), 파워 고배당저변동성, ARIRANG 스마트베타 LowVOL, 삼성 건축자재 테마주 ETN, 맵스리얼티1, 삼성 미국 대형 성장주 ETN(H), KB Wise 분할매매 ETN, KOSEF 블루칩, KODEX 미국러셀2000(H), 신한 브렌트원유 선물 ETN(H), 미래에셋 미디어엔터 Core5 ETN, 미래에셋 미국 항공우주 ETN(H), KODEX China H, KOSEF 배당바이백Plus, KBSTAR 글로벌4차산업IT(합성 H), TIGER 중소형성장, 미래에셋 원유선물혼합 ETN(H), KBSTAR 수출주, KINDEX 배당성장, TIGER 우량가치, KODEX 에너지화학, ARIRANG 주도업종, KOSEF 코스닥150선물, ARIRANG 고배당주, ARIRANG 미국다우존스고배당주(합성 H), ARIRANG 고배당저변동50, KODEX WTI원유선물(H), 삼성 레버리지 WTI원유 선물 ETN, TIGER 배당성장, TIGER 부동산인프라고배당, TIGER 원유선물Enhanced(H), KINDEX 한류, KODEX 턴어라운드투자, KBSTAR 중소형고배당, 삼성 레저 테마주 ETN, ARIRANG 선진국MSCI(합성 H), TIGER 코스닥150IT, KBSTAR 200철강소재, KOSEF 코스닥150, TIGER 차이나항셍25, KODEX 코스닥 150, KODEX 중국본토CSI300, KODEX 바이오, TIGER 대만TAIEX선물(H), TIGER 코스피고배당, KODEX 배당성장, TIGER 로우볼, TIGER 2차전지테마, 대신 WTI원유 선물 ETN(H), KODEX 미디어&엔터테인먼트, TIGER 코스닥150, 시그넷이브이, ARIRANG 미국나스닥기술주, KODEX 게임산업, 삼성 바이오 테마주 ETN, TIGER 라틴35, TIGER 200 헬스케어, KODEX 심천ChiNext(합성), 미래에셋대우스팩2호, TIGER 코스피중형주, ARIRANG KRX300산업재, KINDEX 중국본토CSI300, KODEX 가치투자, KOSEF 저PBR가중, IBKS제7호스팩, ARIRANG 고배당주채권혼합, 신한 구리 선물 ETN(H), TREX 중소형가치, 에이리츠, KODEX 헬스케어, KBSTAR 200중공업, 삼성 미국 대형 가치주 ETN, 노브메타파마, TIGER 차이나HSCEI, KODEX 골드선물인버스(H), KINDEX 미국4차산업인터넷(합성 H), TIGER 200 에너지화학, 툴젠, TIGER 유로스탁스배당30, KODEX 밸류Plus, TIGER 여행레저, KODEX 성장투자, KOSEF Fn중소형, ARIRANG 코스닥150, 베트남개발1, KODEX 기계장비, KBSTAR 헬스케어, 미래에셋 중국 심천 100 ETN, 메디젠휴먼케어, HANARO 농업융복합산업, SMART 중국본토 중소형 CSI500(합성 H), KBSTAR 코스닥150, TIGER 현대차그룹+펀더멘털, ARIRANG 글로벌MSCI(합성 H), 삼성 코스피 풋매도 ETN, 엔에이치스팩12호, DB금융스팩7호, 신영스팩5호, KBSTAR 채권혼합, 유안타제3호스팩, SK4호스팩, KODEX 200 중소형, QV 조선 TOP5 ETN, 하나니켈2호, KODEX 미국S&P고배당커버드콜(합성 H), KBSTAR V&S셀렉트밸류채권혼합, KINDEX 코스닥(합성), KODEX 경기소비재, KINDEX 러시아MSCI(합성), KODEX 은선물(H), ARIRANG 스마트베타Quality채권혼합, ARIRANG 중형주저변동50, KBSTAR 중소형모멘텀밸류, KBSTAR KRX300미국달러선물혼합, ARIRANG KRX300헬스케어, TIGER 200 중공업, TIGER 200에너지화학레버리지, TIGER 소프트웨어, 신한 레버리지 은 선물 ETN(H), HANARO e커머스, KBSTAR 200에너지화학, KBSTAR 200고배당커버드콜ATM, TIGER 200 산업재, 한국ANKOR유전, KINDEX 필리핀MSCI(합성), 신한 레버리지 구리 선물 ETN, TIGER 코스닥150바이오테크, KBSTAR KQ모멘텀밸류, 케이비제18호스팩, 미래에셋대우스팩3호, 유안타제5호스팩, KODEX 배당성장채권혼합, 한화에이스스팩4호, 한국제6호스팩, IBKS제10호스팩, 교보8호스팩, 삼성머스트스팩3호, 키움제5호스팩, 하나니켈1호, KODEX 퀄리티Plus, TIGER LG그룹+펀더멘털, 한국패러랠, KODEX 미국S&P바이오(합성), TIGER 미국다우존스30, ARIRANG KRX300자유소비재, 삼성 레버리지 은 선물 ETN(H), TIGER 중장기국채선물인버스2X, KBSTAR 중소형모멘텀로우볼, 바다로19호, 에스엘에스바이오, KODEX 국채선물10년인버스, TIGER 경기방어채권혼합, TIGER 국채선물10년인버스, TIGER 헬스케어, 볼빅, KBSTAR 헬스케어채권혼합, KBSTAR 국채선물10년인버스, KODEX 미국S&P에너지(합성), KODEX 선진국MSCI World, TIGER 방송통신, KODEX 고배당, TIGER 200 경기소비재, TIGER 금속선물(H), KBSTAR 200커뮤니케이션서비스, TIGER 단기선진하이일드(합성 H), TIGER 중장기국채선물인버스, KBSTAR 국고채3년선물인버스, KBSTAR 200경기소비재, KBSTAR 게임테마, KODEX 국채선물3년인버스, HANARO 코스닥150, 미래에셋 양매도 5% Auto-KO-C 2205-01 ETN, TRUE 코스피 양매도 5% OTM ETN, TIGER 미국나스닥100, TIGER 200커뮤니케이션서비스, TIGER 국채선물3년인버스, KODEX 단기변동금리부채권액티브, 에이치엔에스하이텍, 동북아12호, 동북아13호, 유비온, 에스엔피제네틱스, 엔지브이아이, 씨앗, 대주이엔티, 전우정밀, 아이엘사이언스, KOSEF 통안채1년, KOSEF 단기자금, 지오씨, 마이다스 200커버드콜5%OTM, 위월드, 케이탑리츠, 아이케이세미콘, KODEX 단기채권, TIGER 단기통안채, 에스에이티이엔지, 마이티 코스피100, TIGER 베타플러스, LPK로보틱스, 수프로, 씨이랩, ARIRANG 단기유동성, KINDEX 단기통안채, KBSTAR 단기통안채, 바이오프로테크, 에이비온, 모두투어리츠, 케미메디, 에이펙스인텍, 이비테크, 에듀파트너, 빅텐츠, 소프트캠프, 인카금융서비스, 마이티 코스피고배당, 휴벡셀, KODEX 단기채권PLUS, 비엔디생활건강, 썬테크, 에스제이켐, 드림티엔터테인먼트, 카이노스메드, 유투바이오, 아이피몬스터, 엔에스컴퍼니, 엄지하우스, SGA임베디드, 메디안디노스틱, ARIRANG 우량회사채50 1년, 피엔에이치테크, 이에스산업, KODEX 모멘텀Plus, 나눔테크, 씨앤에스링크, 안지오랩, 엠에프엠코리아, 유쎌, 에스앤디, 하나금융9호스팩, 미래에셋대우스팩1호, TIGER 코스닥150로우볼, 두원석재, 하나금융10호스팩, 한국제5호스팩, 비엔에프코퍼레이션, ARIRANG 단기채권액티브, 파인이엠텍, 휴럼, 하나금융11호스팩, KBSTAR 200산업재, 한국제7호스팩, TIGER 중소형, TIGER 중소형가치, TIGER 일본엔선물인버스, ARIRANG 국채선물3년, KINDEX 국채선물10년인버스, KINDEX 국채선물3년인버스, 지앤이헬스케어, 더콘텐츠온, HANARO 단기통안채, 하나머스트제6호스팩, 대신밸런스제6호스팩, 엘에이티, 대원모방, 유안타제4호스팩, 엔에이치스팩14호, 하나금융13호스팩, KODEX 멀티에셋하이인컴(H), 신한제5호스팩, 케어룸의료산업, 상상인이안제2호스팩, 교보9호스팩, 한국미라클피플사, 하나금융14호스팩, IBKS제12호스팩, IBKS제11호스팩, 유엑스엔, 신한 K200 USD 선물 바이셀 ETN, 신한 인버스 금 선물 ETN(H), 신한 달러인덱스 선물 ETN(H), 신한 인버스 달러인덱스 선물 ETN(H), 신한 은 선물 ETN(H), 신한 MSCI 인도네시아 선물 ETN(H), 신한 인버스 MSCI 인도네시아 선물 ETN(H), 신한 코스피 콘도르 6/10% ETN, 신한 코스피 콘도르 4/10% 콜 2204-01 ETN, 신한 코스피 콘도르 6/10% 콜 2204-01 ETN, 신한 코스피 월별 양매도 3% OTM ETN, 신한 코스피 월별 양매도 5% OTM ETN, 신한 코스피 월별 양매도 3% 콜 2206-1 ETN, 신한 코스피 월별 양매도 5% 콜 2206-1 ETN, 신한 레버리지 S&P500 선물 ETN, 미래에셋 원자재 선물 ETN(H), 미래에셋 에너지화학 Core5 ETN, 미래에셋 인버스 에너지화학 Core5 ETN, 미래에셋 호주 ASX200 ETN(H), 미래에셋 Q150 Core5 ETN, 미래에셋 인버스 미디어엔터 Core5 ETN, 미래에셋 미국 시니어론 100 ETN(H), 미래에셋 미국 시니어론 100 ETN, 미래에셋 코스피 양매도 5% OTM ETN, 삼성 음식료 테마주 ETN, 삼성 미디어 테마주 ETN, 삼성 온라인쇼핑 테마주 ETN, 삼성 화학 테마주 ETN, 삼성 미국 대형 가치주 ETN(H), 삼성 미국 중소형 성장주 ETN(H), 삼성 미국 중소형 가치주 ETN(H), 삼성 미국 중소형 성장주 ETN, 삼성 미국 중소형 가치주 ETN, 삼성 Cushing 에너지인프라 MLP ETN, 삼성 코스피 양매도 5% OTM ETN, 삼성 코스피 풋매도 4% OTM ETN, QV WISE 배당 ETN, QV 스마트리밸런싱 250/3 ETN, QV 롱숏 K150 매수 로우볼 매도 ETN, QV 에너지 TOP5 ETN, QV 소프트웨어 TOP5 ETN, QV 운송 TOP5 ETN, QV 자동차 TOP5 ETN, QV 화학 TOP5 ETN, QV 제약 TOP5 ETN, QV 건설 TOP5 ETN, QV CHINEXT ETN(H), QV 스마트리밸런싱 260/4 ETN, QV 인버스 레버리지 10년 국채선물 ETN, QV MSCI 선진국 ETN, QV 인버스 MSCI 선진국 ETN, QV 레버리지 MSCI 선진국 ETN, QV 코스피 양매도 5% OTM ETN, QV 코스피 변동성 매칭형 양매도 ETN, TRUE 빅5 동일가중 ETN, TRUE 섹터탑픽 ETN, TRUE 코리아프리미어 ETN, TRUE 코스피 타겟볼20 ETN, TRUE 코스피 양매도 3% OTM ETN, TRUE 코스피 양매도 ATM ETN, TRUE 인버스 유로선물 ETN B, KB KQ 우량주30 ETN, KB 코스피 양매도 5% OTM ETN, KB 코스피 마운틴 ETN, 미래에셋 유럽 대형주 ETN(H), 미래에셋 유럽 중형주 ETN(H), 미래에셋 일본 대형주 ETN(H), 미래에셋 미국 헬스케어 ETN(H), 하나 코스피 변동성추세 추종 양매도 ETN, KOSEF 국고채3년, KBSTAR 단기국공채액티브, TIGER 단기채권액티브, ARIRANG 단기우량채권, KBSTAR 국고채3년, KODEX 국고채3년, KINDEX 중기국고채, TIGER 경기방어, 신한 코스피 콘도르 4/10% ETN, KBSTAR KQ모멘텀로우볼, TIGER 국채3년, 파워 중기국고채, KODEX 글로벌4차산업로보틱스(합성), KINDEX 중장기국공채액티브, KODEX 종합채권(AA-이상)액티브, KBSTAR 중기우량회사채, KBSTAR 중장기국공채액티브, KODEX TRF3070, 관악산업, ARIRANG 국채선물10년, KBSTAR 내수주플러스, KBSTAR 금융채액티브, TIGER 일본니케이225, TIGER 의료기기, 롯데리츠, 삼성 Alerian 에너지인프라 MLP ETN, KOSEF 국고채10년, KODEX TRF5050, KODEX 국채선물10년, TIGER 중장기국채, 삼성 인버스 2X 은 선물 ETN(H), 래몽래인, TIGER 200 생활소비재, 신한 인버스 은 선물 ETN(H), 한화수성스팩, 신한제4호스팩, KBSTAR 국채선물10년, 엔에이치스팩13호, 한국제8호스팩, 케이비17호스팩, 상상인이안1호스팩, 이베스트이안스팩1호, 신한제6호스팩, 미래에셋대우스팩4호, SK5호스팩, 비나텍, KODEX 자동차, KINDEX 미국WideMoat가치주, KODEX TRF7030, 신한 인버스 2X 금 선물 ETN, 젠큐릭스, KODEX 필수소비재, KBSTAR 200생활소비재, 굿센, 삼성 미국 대형 성장주 ETN, KC산업, KODEX 200미국채혼합, 신한 인버스 2X 은 선물 ETN(H), TIGER 골드선물(H), 맥쿼리인프라, 대신 골드 커버드콜 타겟 5%인컴 ETN(H), TIGER 금은선물(H), 피엔아이컴퍼니, 미래에셋 인버스 원유선물혼합 ETN(H), ARIRANG S&P글로벌인프라, KODEX 골드선물(H), KOSEF 국고채10년레버리지, 신한 금 선물 ETN(H), TIGER S&P글로벌헬스케어(합성), 교보7호스팩, 대신밸런스제7호스팩, IBKS제6호스팩, 하이골드12호, QV 의료 TOP5 ETN, KINDEX 인도네시아MSCI(합성), KODEX 미국S&P산업재(합성), 신한 인버스 브렌트원유 선물 ETN(H), 하이골드8호, KODEX 일본TOPIX100, 펨토바이오메드, QV 레버리지 10년 국채선물 ETN, 삼성스팩2호, 유진스팩4호, 케이비제19호스팩, 유진스팩5호, 신한 인버스 구리 선물 ETN(H), KINDEX 멕시코MSCI(합성), TIGER 미국나스닥바이오, 하이골드3호, 질경이, TIGER 구리실물, 라온테크, TIGER 코스닥150선물인버스, TIGER 인도니프티50레버리지(합성), KODEX S&P글로벌인프라(합성), KBSTAR 코스닥150선물인버스, KODEX WTI원유선물인버스(H), KOSEF 코스닥150선물인버스, TRUE 유로선물 ETN B, KINDEX 베트남VN30(합성), ARIRANG 코스닥150선물인버스, 대신 인버스 아연선물 ETN(H), TIGER 원유선물인버스(H), 신한 인버스 WTI원유 선물 ETN(H), KINDEX 골드선물 레버리지(합성 H), 
, 항공사, 예림당, 대한항공, 아시아나항공, 티웨이항공, 티웨이홀딩스, 제주항공, 에어부산, 대한항공우, 진에어, 한진칼, 한진칼우, 
, 전자제품, 필로시스헬스케어, 드림어스컴퍼니, 이에스브이, 삼본전자, 홈캐스트, 휴맥스, 경인전자, 에이디칩스, 삼진, 아남전자, LG전자우, 모바일어플라이언스, 휴맥스홀딩스, TJ미디어, LG전자, 파인디지털, 가온미디어, 아리온, 팅크웨어, 알로이스, 디엠티, 
, 조선, 에스앤더블류, 상상인인더스트리, 한국카본, 한진중공업홀딩스, 현대미포조선, 케이프, 현진소재, 한국조선해양, STX엔진, 동성화인텍, 대우조선해양, 한라IMS, 오리엔탈정공, 삼강엠앤티, 동방선기, HSD엔진, 삼성중공업, 대양전기공업, 한진중공업, 세진중공업, 해덕파워웨이, 케이에스피, 화인베스틸, 삼성중공우, 에이치엘비, 인화정공, 중앙오션, 
, 건강관리업체및서비스, 녹십자랩셀, 서울리거, 
, 교육서비스, 이퓨쳐, UCI, 웅진씽크빅, NE능률, YBM넷, 멀티캠퍼스, 로보로보, 대교, 아이스크림에듀, 메가엠디, 청담러닝, 씨엠에스에듀, 더블유에프엠, 비상교육, 로보티즈, 메가스터디, 메가스터디교육, 정상제이엘에스, 대교우B, 디지털대성, 
, 창업투자, 큐캐피탈, 컴퍼니케이, 리더스 기술투자, DSC인베스트먼트, 에이티넘인베스트, 미래에셋벤처투자, TS인베스트먼트, 우리기술투자, SV인베스트먼트, SBI인베스트먼트, 대성창투, 엠벤처투자, 나우IB, 린드먼아시아, 아주IB투자, 
, 게임엔터테인먼트, 액토즈소프트, 네오위즈, 한빛소프트, 액션스퀘어, 웹젠, 더블유게임즈, 엠게임, NHN, 네오위즈홀딩스, 넷게임즈, 썸에이지, 컴투스, 넷마블, SNK, 미투온, 룽투코리아, 드래곤플라이, 위메이드, 신스타임즈, 엔씨소프트, 베스파, 넥슨지티, 와이디온라인, 파티게임즈, 데브시스터즈, 게임빌, 선데이토즈, 조이맥스, 엔터메이트, 조이시티, 펄어비스, 바른손이앤에이, 골프존뉴딘홀딩스, 넵튠, 플레이위드, 골프존, 
, 기계, KC그린홀딩스, 현대건설기계, 디와이, 스페코, 비엠티, 태웅, 와이지-원, 한국주강, 나노메딕스, 이엠코리아, 휴림로봇, 진성티이씨, 동양물산, 로보스타, 포메탈, 스맥, 화천기계, 태광, 뉴로스, 디에스티, 성광벤드, 아세아텍, 수산중공업, 에너토크, 에코마이스터, 케이피에프, 두산인프라코어, 에버다임, 광림, 대창솔루션, 디와이파워, 한국정밀기계, 한신기계, 디케이락, 엔케이, 두산밥캣, 에쎈테크, 우진, KC코트렐, 영풍정밀, 동양피엔에프, 에스피시스템스, 한국테크놀로지, 에이테크솔루션, 씨에스베어링, 삼영엠텍, 파라텍, 현대로템, 3S, 자비스, 큐로, 에스엠코어, 동일금속, 동일고무벨트, 에이치케이, 코윈테크, 대동공업, 화천기공, 에스에프에이, 케이피티유, 제이엔케이히터, 흥국, 대창단조, 현대엘리베이, 유니슨, 우진플라임, 삼원테크, 넥스턴, 동국S&C, 서암기계공업, S&TC, 웰크론강원, 썬텍, 스타모빌리티, 대모, 글로벌에스엠, 기신정기, 비디아이, 화성밸브, 우림기계, SIMPAC, 신진에스엠, 비에이치아이, 코메론, 에이치엘비파워, 삼익THK, 웰크론한텍, 하이록코리아, 나라엠앤디, 부스타, STX중공업, 조광ILI, 씨에스윈드, 두산중공업, TPC, 에이프로젠 KIC, 맥스로텍, 대동기어, 에이비프로바이오, 수성, 이더블유케이, 
, 전기장비, 이화전기, 일진전기, 지엔씨에너지, LS, 서전기전, 피앤씨테크, 효성중공업, 비츠로테크, 대한광통신, 광명전기, 가온전선, 보성파워텍, KBI메탈, 대원전선, 제룡전기, 일진홀딩스, 대원전선우, 대한전선, LS산전, 선도전기, 제룡산업, 세명전기, LS전선아시아, 현대일렉트릭, 
, 손해보험, 현대해상, 삼성화재우, 삼성화재, 롯데손해보험, 흥국화재우, 흥국화재, 메리츠금융지주, 코리안리, 한화손해보험, 메리츠화재, DB손해보험, 흥국화재2우B, 
, 레저용장비와제품, 헝셩그룹, 손오공, 이녹스, 오로라, 삼천리자전거, 엔에스엔, 라이브플렉스, 삼익악기, 알톤스포츠, 
, 운송인프라, 선광, 한국공항, 
, 출판, 아시아경제, 디지틀조선, 디앤씨미디어, 미스터블루, 한류타임즈, 
, 사무용전자제품, 브이티지엠피, 신도리코, 
, 식품과기본식료품소매, 네오크레마, 보라티알, CJ프레시웨이, 현대코퍼레이션홀딩스, 신송홀딩스, 현대그린푸드, 지어소프트, 한국가구, 
, 전기제품, 두산퓨얼셀2우B, 에스퓨얼셀, 이노메트리, 엘앤에프, 에이에프더블류, 두산퓨얼셀1우, 피에스텍, 상아프론테크, 뉴인텍, 엠플러스, 성문전자우, 두산퓨얼셀, 필룩스, 서울전자통신, 삼성SDI우, 신흥에스이씨, 명성티엔에스, 에코프로비엠, 대보마그네틱, 피앤이솔루션, 에스씨디, 아비코전자, 에스피지, 피엔티, 성호전자, 삼성SDI, 파워로직스, 디피씨, 비츠로셀, 프리엠스, 삼화전기, 성문전자, 삼화콘덴서, 크로바하이텍, 파워넷, 엔에스, 삼영전자, 신화콘텍, 씨아이에스, 디에이테크놀로지, 동양이엔피, 
, 석유와가스, 이아이디, 극동유화, GS, 대성산업, 흥구석유, 세원셀론텍, 위즈코프, SK이노베이션, 미창석유, 중앙에너비스, 경동인베스트, 케이알피앤이, SK디스커버리우, GS우, S-Oil우, 현대중공업지주, 에스아이리소스, 한국쉘석유, S-Oil, SK디스커버리, SK이노베이션우, 
, 컴퓨터와주변기기, 디지아이, 한프, 잉크테크, 에이텍, 주연테크, 푸른기술, 청호컴넷, 파커스, 제이스테판, 딜리, 씨아이테크, 엠젠플러스, 케이씨티, 에이텍티앤, 빅솔론, 
, 인터넷과카탈로그소매, 인터파크, GS홈쇼핑, 이상네트웍스, 다나와, 코리아센터, 인터파크홀딩스, KTH, 포티스, 지와이커머스, 아이에스이커머스, 현대홈쇼핑, 엔에스쇼핑, 예스24, 
, 복합유틸리티, KG ETS, 지역난방공사, 
, 생물공학, 애니젠, 싸이토젠, 제노포커스, 셀리버리, 메디포스트, 진원생명과학, 유바이오로직스, 바이오솔루션, 강스템바이오텍, 메디톡스, 제넥신, 팬젠, 휴젤, 티앤알바이오팹, 큐리언트, 아이진, 진매트릭스, 알테오젠, 펩트론, 녹십자셀, 한스바이오메드, 아시아종묘, 서린바이오, 테고사이언스, 에이비엘바이오, 코아스템, 케어젠, 올릭스, 코오롱티슈진, 아미코젠, 프로스테믹스, 유틸렉스, 바이오니아, 바이오리더스, 쎌바이오텍, 농우바이오, 파멥신, 헬릭스미스, 신라젠, 셀리드, 차바이오텍, 앱클론, 오스코텍, 
, 판매업체, 큐렉소, YW, 슈펙스비앤피, 서울옥션, 대명코퍼레이션, 녹원씨엔아이, 메디파트너생명공학, 모다이노칩, 한창, 세우글로벌, 
, 광고, 이노션, SM C&C, 인크로스, 에코마케팅, 제일기획, 지투알, 오리콤, 나스미디어, 이엠넷, 
, 건축제품, 이건홀딩스, 제일테크노스, 다스코, 프럼파스트, 와토스코리아, 덕신하우징, 금강공업, 대림B&Co, 금강공업우, 윈하이텍, 삼목에스폼, CSA 코스믹, 뉴보텍, 남선알미우, 남선알미늄, 대림통상, 국영지앤엠, 정산애강, 
, 건강관리장비와용품, 원익, 우리들휴브레인, 바텍, 하이로닉, 아이센스, 시너지이노베이션, 멕아이씨에스, 한국비엔씨, 휴비츠, 메디아나, 유앤아이, 인바디, 세종메디칼, 셀바스헬스케어, 제테마, 오스테오닉, 네오펙트, 세운메디칼, 이노테라피, 지티지웰니스, 수젠텍, 오스템임플란트, 루트로닉3우C, 제노레이, 나이벡, 디알텍, 레이언스, 뷰웍스, 제이브이엠, 엠아이텍, 엘앤씨바이오, 클래시스, 엘앤케이바이오, 셀루메드, 코렌텍, 마이크로디지탈, 녹십자엠에스, 메타바이오메드, 디알젬, 리메드, 인트로메딕, 솔고바이오, 루트로닉, 디오, 덴티움, 레이, 인터로조, 신흥, 아스타, 피제이전자, 지노믹트리, 
, 복합기업, CJ우, 삼성물산, SK네트웍스우, 두산우, 두산2우B, 두산, LG우, 웅진, CJ, SK우, CJ4우(전환), 효성, SK네트웍스, 삼성물산우B, SK, LG, 
, 무선통신서비스, SK텔레콤, LG유플러스, 
, 에너지장비및서비스, 현대에너지솔루션, SDN, 파루, 에스에너지, 에스에프씨, 웅진에너지, 코드네이처, 신성이엔지, 젬백스지오, 제이씨케미칼, 윌링스, 에이치엘비생명과학, 
, 자동차부품, 이원컴포텍, 센트랄모텍, 대성엘텍, THE MIDONG, 우리산업홀딩스, 모베이스전자, 구영테크, 아진산업, 한국프랜지, 코리아에프티, 화신, 핸즈코퍼레이션, 오리엔트정공, 대성파인텍, 한국큐빅, 넥센, 디아이씨, 한일단조, 일지테크, 코프라, 모트렉스, 삼기오토모티브, 서진오토모티브, 금호타이어, 인지컨트롤스, 성우하이텍, 풍강, 화신정공, 서연탑메탈, 성창오토텍, 세원, 에코캡, 넥센타이어, 현대공업, 유니테크노, 우수AMS, 오스템, 평화정공, 에코플라스틱, 모토닉, 삼보모터스, 금호에이치티, SG충방, 한라홀딩스, 유성기업, 동아화성, 티에이치엔, 트루윈, 세종공업, 삼성공조, 체시스, 디젠스, 두올, 영신금속, 계양전기, 한국타이어앤테크놀로지, 대유플러스, 캐스텍코리아, 네오오토, 서연, 청보산업, 로스웰, 우신시스템, 대원강업, 동원금속, 평화홀딩스, 지코, 상신브레이크, SG&G, 인팩, 유니크, KB오토시스, 영화테크, 대우부품, 계양전기우, 뉴프라이드, 현대모비스, 아이에이, 엔브이에이치코리아, 한국테크놀로지그룹, 대유에이텍, 엠에스오토텍, S&T홀딩스, 케이비아이동국실업, 에스엘, SJM홀딩스, 넥센타이어1우B, 대동금속, 지엠비코리아, 태양금속우, DRB동일, 대원산업, 삼보산업, 한온시스템, 세원정공, 세원물산, 덕양산업, 경창산업, 럭슬, 코다코, 유라테크, 세동, 팬스타엔터프라이즈, 평화산업, 티피씨글로벌, 화진, 세화아이엠씨, 에스앤씨엔진그룹, 대유에이피, 넥센우, 디티알오토모티브, 부산주공, 한국단자, 일정실업, 두올산업, 크린앤사이언스, 네오티스, 세방전지, HDC현대EP, 화신테크, 광진윈텍, 화승알앤에이, 우리산업, 솔루에타, 케이엔더블유, 서연이화, 동아타이어, 삼원강재, 동양피스톤, 영화금속, 태원물산, 새론오토모티브, S&T중공업, 현대위아, 한국아트라스비엑스, GH신소재, 태양금속, SJM, 만도, 코리아오토글라스, S&T모티브, 에스모, 오리엔트바이오, 골든센츄리, 에스제이케이, 
, 양방향미디어와서비스, 줌인터넷, 퓨쳐스트림네트웍스, 키다리스튜디오, 캐리소프트, 카카오, 옴니텔, NAVER, 플리토, THE E&M, 아프리카TV, 
, 다각화된통신서비스, 세종텔레콤, 한국정보통신, 인스코비, KT, 나이스정보통신, 
, 소프트웨어, 오상자이엘, 키네마스터, 인프라웨어, 링크제니시스, 이스트소프트, 알티캐스트, 시큐브, 엑셈, 핸디소프트, 라온시큐어, 한컴MDS, 웹케시, 드림시큐리티, SGA솔루션즈, 윈스, 지란지교시큐리티, 다우데이타, 알서포트, 누리텔레콤, 이니텍, 디지캡, 플랜티넷, 토탈소프트, 에스에스알, 케이사인, 더존비즈온, 비즈니스온, 코닉글로리, 포비스티앤씨, 안랩, 이글루시큐리티, 한컴위드, 포시에스, 미디어젠, 휴네시온, SGA, 퓨전, 셀바스AI, 모바일리더, 서호전기, 한류AI센터, 파수닷컴, 지니언스, 한글과컴퓨터, 네이블, 투비소프트, 텔코웨어, 아톤, 엔지스테크널러지, 
, 우주항공과국방, 유니맥스글로벌, 빅텍, 휴니드, 아스트, 퍼스텍, 샘코, 하이즈항공, 한국항공우주, 쎄트렉아이, LIG넥스원, 솔트웍스, 한화에어로스페이스, 한화시스템, 아이쓰리시스템, 
, 도로와철도운송, 동양고속, AJ네트웍스, 레드캡투어, 유성티엔에스, 천일고속, AJ렌터카, 
, 자동차, 쌍용차, KR모터스, 현대차, 현대차우, 엘브이엠씨홀딩스, 현대차3우B, 현대차2우B, 기아차, 
, 상업서비스와공급품, 제넨바이오, 효성ITX, 서부T&D, 누리플랜, KTis, NICE, SCI평가정보, 코엔텍, 자연과환경, 나이스디앤비, KTcs, 아이마켓코리아, 고려신용정보, 이지웰페어, 사람인에이치알, 이크레더블, 비츠로시스, NICE평가정보, 오르비텍, 시공테크, 나노브릭, 한국기업평가, 에스원, 인선이엔티, 
, 건강관리기술, 비트컴퓨터, 유비케어, 이지케어텍, 인피니트헬스케어, 솔본, 케어랩스, 제이엘케이인스펙션, 
, 섬유,의류,신발,호화품, 비티원, 골드퍼시픽, 그리티, 코오롱머티리얼, 태평양물산, 지엔코, 윌비스, 아가방컴퍼니, 형지엘리트, 휠라코리아, TBH글로벌, 제로투세븐, 덕성, 까스텔바작, 형지I&C, 효성티앤씨, 성안, 영원무역, 국동, 방림, 리노스, 메타랩스, 좋은사람들, 유니켐, 조광피혁, SG세계물산, 신성통상, 쌍방울, LS네트웍스, 한세실업, 배럴, 한세예스24홀딩스, 삼양통상, 전방, 덕성우, 에스티오, BYC, 일신방직, DI동일, 진도, 패션플랫폼, 제이에스코퍼레이션, 코데즈컴바인, 제이에스티나, 대현, 코웰패션, 한세엠케이, 디케이앤디, 차이나그레이트, 이스트아시아홀딩스, 대원화성, 에스마크, 아즈텍WB, 원풍물산, 신원우, 백산, 대한방직, 신원, 필링크, 호전실업, BYC우, 웰바이오텍, LF, 경방, 한섬, 영원무역홀딩스, 인디에프, 화승엔터프라이즈, 크리스에프앤씨, 신영와코루, 신세계인터내셔날, 화승인더, 에스제이그룹, 남영비비안, F&F, 토박스코리아, 
, 전기유틸리티, 한전기술, 한전산업, 한국전력, 한전KPS, 
, 담배, KT&G, 
, 화장품, 한국화장품, 씨티케이코스메틱스, 코스온, 코리아나, MP한강, 한국화장품제조, 코스메카코리아, 토니모리, 본느, 제이준코스메틱, 리더스코스메틱, 글로본, 잇츠한불, 에프앤리퍼블릭, 콜마비앤에이치, 아이큐어, 제닉, 아우딘퓨쳐스, 세화피앤씨, 한국콜마, 스킨앤스킨, 블러썸엠앤씨, 에이블씨엔씨, 클리오, 아모레G, SK바이오랜드, 컬러레이, 한국콜마홀딩스, 아모레G우, 네오팜, 코스맥스, 잉글우드랩, 에스디생명공학, 아모레퍼시픽, 씨큐브, 오가닉티코스메틱, 에이씨티, 코디, 라파스, 아모레퍼시픽우, 올리패스, LG생활건강우, LG생활건강, 현대바이오, 
, 가정용기기와용품, 부방, 쿠쿠홀딩스, 파세코, 신일산업, 한독크린텍, 유진로봇, 경동나비엔, 하츠, 위닉스, PN풍년, 자이글, 행남사, 위니아딤채, 웅진코웨이, 쿠쿠홈시스, 엔바이오니아, 오텍, 
, 핸드셋, 나인컴플렉스, 디지탈옵틱, 멜파스, 노바텍, 이엠텍, 드림텍, 슈피겐코리아, 아이엠텍, 디오스텍, 크루셜텍, 시노펙스, AP위성, 앤디포스, 파인테크닉스, 바이오로그디바이스, 블루콤, 유티아이, 에스코넥, 육일씨엔에쓰, 알에프세미, 장원테크, 에스에이티, 에스맥, 파트론, 와이제이엠게임즈, 해성옵틱스, 서원인텍, 우주일렉트로, 이미지스, 일야, 상신이디피, 코렌, 이라이콤, 엘컴텍, 캠시스, 이랜텍, 이즈미디어, 엠씨넥스, 디스플레이텍, 모베이스, 유아이엘, 한솔시큐어, 아모텍, EMW, KJ프리텍, 피앤텔, 이엘케이, 하이소닉, 인탑스, 알에프텍, 성우전자, 나노스, 인포마크, 코아시아, 와이솔, 액트로, 하이비젼시스템, 한일진공, KH바텍, 디케이티, 동운아나텍, 디자인, 덕우전자, 나무가, 재영솔루텍, 영풍, 세경하이테크, 유테크, 에이치엔티, 
, 디스플레이패널, 일진디스플, LG디스플레이, 
, 음료, 국순당, 롯데칠성, 보해양조, 하이트진로홀딩스, 창해에탄올, 롯데칠성우, 하이트진로홀딩스우, 하이트진로2우B, 풍국주정, 네이처셀, MH에탄올, 진로발효, 무학, 흥국에프엔비, 하이트진로, 
, 문구류, 모나미, 양지사, 삼성출판사, 
]"
